nombre,apellido,puesto
Alfonso,Reyes Cortés,Gerente
Daniel,Tejeda Delgado,CEO
Aldo Daniel,Figueroa Valle,Limpiador
Maria Andrea,Calderon Lopez,CEO
Maria Andrea,Calderon Lopez,CEO
Daniel,Tejeda Delgado,CEO
Alfonso,Reyes Cortés,Gerente
Alfonso,Reyes Cortés,Gerente
Aldo Daniel,Figueroa Valle,Limpiador
Alfonso,Reyes,MASTER
Aldo Daniel,Figueroa Valle,Limpiador
Aldo Daniel,Figueroa Valle,Limpiador
Maria Andrea,Calderon Lopez,CEO
Aldo Daniel,Figueroa Valle,Limpiador
Maria Andrea,Calderon Lopez,CEO
Maria Andrea,Calderon Lopez,CEO
Daniel,Tejeda Delgado,CEO
Alfonso,Reyes Cortés,Gerente
Alfonso,Reyes Cortés,Gerente
Aldo Daniel,Figueroa Valle,Limpiador
Maria Andrea,Calderon Lopez,CEO
Maria Andrea,Calderon Lopez,CEO
Daniel,Tejeda Delgado,CEO
Alfonso,Reyes Cortés,Gerente
Alfonso,Reyes Cortés,Gerente
Aldo Daniel,Figueroa Valle,Limpiador
Alfonso,Reyes,MASTER
Aldo Daniel,Figueroa Valle,Limpiador
Aldo Daniel,Figueroa Valle,Limpiador
Maria Andrea,Calderon Lopez,CEO
Aldo Daniel,Figueroa Valle,Limpiador
Suavecito,Tejeda,Joto
